{"1":"spicy","2":"overthinking"}
{"3":"plot twists","4":"alpacas"}
{"5":"patient","6":"Costco"}
{"7":"stumbled","8":"Penny! Penny! Penny!"}
{"7":"stumbled","8":"Penny! Penny! Penny!"}
{"9":"cupcakes","10":"use ChatGPT"}
{"13":"slow dancing","14":"20 thousands"}
{"15":"emotional damage","16":"impromptu contract negotiation over snacks"}
{"11":"overoptimism","12":"chewed-up sock Harper refused to surrender"}
{"11":"overoptimism","12":"chewed-up sock Harper refused to surrender"}
{"11":"overoptimism","12":"chewed-up sock Harper refused to surrender"}
{"1":"bewildering","2":"cuddling"}
{"1":"awkward","2":"compromising"}
{"3":"plot twists","4":"hyenas"}
{"5":"loyal","6":"Narnia"}
{"7":"stumbled","8":"I volunteer as tribute!"}
{"9":"samosas","10":"Google it"}
{"13":"staring into space","14":"888"}
{"15":"legal consent","16":"vib coding and re-configurating weekend plans"}
{"11":"curiosity","12":"inside joke"}
{"1":"whimsical","2":"cuddling"}
{"11":"curiosity","12":"inside joke"}
{"1":"awkward","2":"binge-watching"}
{"3":"surprises","4":"hyenas"}
{"5":"productive","6":"Costco"}
{"7":"debated","8":"Nobody puts Baby in a corner."}
{"9":"dumplings","10":"nap"}
{"13":"staring into space","14":"0"}
{"15":"Wi-Fi","16":"impromptu contract negotiation over snacks"}
{"11":"adoration","12":"to-do list"}
{"1":"awkward","2":"binge-watching"}
